_aix_support.py	<module>._read_cmd_output	0	code
_android_support.py	<module>.TextLogStream.write	0	code
_ast_unparse.py	<module>.Unparser.visit_AnnAssign	0	code
_ast_unparse.py	<module>.Unparser.visit_ClassDef	0	code
_ast_unparse.py	<module>.Unparser.visit_If	0	code
_ast_unparse.py	<module>.Unparser.visit_Lambda	0	code
_collections_abc.py	<module>.Iterable.__iter__	0	code
_collections_abc.py	<module>.MutableMapping.clear	0	code
_collections_abc.py	<module>.MutableMapping.setdefault	0	code
_collections_abc.py	<module>.MutableSequence.clear	0	code
_collections_abc.py	<module>.MutableSet.clear	0	code
_collections_abc.py	<module>.Reversible.__reversed__	0	code
_collections_abc.py	<module>.Sequence.__iter__	0	code
_collections_abc.py	<module>.Sequence.count.<genexpr>	0	code
_collections_abc.py	<module>.Sequence.index	0	code
_colorize.py	<module>	0	code
_markupbase.py	<module>.ParserBase.parse_declaration	0	code
_osx_support.py	<module>._default_sysroot	0	code
_osx_support.py	<module>._get_system_version	0	code
_osx_support.py	<module>._get_system_version_tuple	0	code
_osx_support.py	<module>._read_output	0	code
_osx_support.py	<module>.compiler_fixup	0	code
_osx_support.py	<module>.get_platform_osx	0	code
_py_warnings.py	<module>._add_filter	0	code
_py_warnings.py	<module>._formatwarnmsg_impl	0	code
_py_warnings.py	<module>.warn	0	code
_py_warnings.py	<module>.warn_explicit	0	code
_pydatetime.py	<module>._wrap_strftime	0	code
_pydecimal.py	<module>.Decimal.__abs__	0	code
_pydecimal.py	<module>.Decimal.__int__	0	code
_pydecimal.py	<module>.Decimal.__pow__	0	code
_pydecimal.py	<module>.Decimal._cmp	0	code
_pydecimal.py	<module>.Decimal._divide	0	code
_pydecimal.py	<module>.Decimal._power_exact	0	code
_pyio.py	<module>.BufferedReader._read_unlocked	0	code
_pyio.py	<module>.BufferedReader._readinto	0	code
_pyio.py	<module>.BufferedWriter.close	0	code
_pyio.py	<module>.BufferedWriter.write	0	code
_pyio.py	<module>.BytesIO.read	0	code
_pyio.py	<module>.BytesIO.truncate	0	code
_pyio.py	<module>.FileIO.__init__	0	code
_pyio.py	<module>.FileIO.close	0	code
_pyio.py	<module>.FileIO.readall	0	code
_pyio.py	<module>.FileIO.seekable	0	code
_pyio.py	<module>.IOBase.readline	0	code
_pyio.py	<module>.TextIOWrapper._configure	0	code
_pyio.py	<module>.TextIOWrapper.close	0	code
_pyio.py	<module>.TextIOWrapper.read	0	code
_pyio.py	<module>.TextIOWrapper.readline	0	code
_pyio.py	<module>.TextIOWrapper.tell	0	code
_pyio.py	<module>._BufferedIOMixin.close	0	code
_pyrepl/_module_completer.py	<module>.ImportParser.__init__	0	code
_pyrepl/_module_completer.py	<module>.ImportParser._parse	0	code
_pyrepl/_module_completer.py	<module>.ImportParser.parse_dotted_name	0	code
_pyrepl/_threading_handler.py	<module>.install_threading_hook.ExceptHookHandler.show	0	code
_pyrepl/completing_reader.py	<module>.build_menu	0	code
_pyrepl/historical_reader.py	<module>	0	code
_pyrepl/main.py	<module>	0	code
_pyrepl/pager.py	<module>.get_pager	0	code
_pyrepl/pager.py	<module>.pipe_pager	0	code
_pyrepl/pager.py	<module>.tempfile_pager	0	code
_pyrepl/pager.py	<module>.tty_pager	0	code
_pyrepl/reader.py	<module>	0	code
_pyrepl/reader.py	<module>.Reader.calc_screen	0	code
_pyrepl/readline.py	<module>.ReadlineAlikeReader.after_command	0	code
_pyrepl/readline.py	<module>.ReadlineAlikeReader.get_completions	0	code
_pyrepl/readline.py	<module>._ReadlineWrapper.multiline_input	0	code
_pyrepl/readline.py	<module>._get_first_indentation	0	code
_pyrepl/readline.py	<module>.backspace_dedent.do	0	code
_pyrepl/simple_interact.py	<module>.run_multiline_interactive_console	0	code
_pyrepl/unix_console.py	<module>.UnixConsole.__init__	0	code
_pyrepl/unix_console.py	<module>.UnixConsole.get_event	0	code
_pyrepl/utils.py	<module>.gen_colors_from_token_stream	0	code
_pyrepl/utils.py	<module>.is_soft_keyword_used	0	code
_pyrepl/windows_console.py	<module>.WindowsConsole.__write	0	code
_pyrepl/windows_console.py	<module>.WindowsConsole.get_event	0	code
_sitebuiltins.py	<module>._Printer.__setup	0	code
_strptime.py	<module>.TimeRE.pattern.repl	0	code
_strptime.py	<module>._strptime	0	code
annotationlib.py	<module>.ForwardRef.__eq__	0	code
annotationlib.py	<module>.ForwardRef.__hash__	0	code
annotationlib.py	<module>.ForwardRef.evaluate	0	code
annotationlib.py	<module>._template_to_ast_constructor	0	code
annotationlib.py	<module>._template_to_ast_literal	0	code
annotationlib.py	<module>.annotations_to_string	0	code
annotationlib.py	<module>.call_annotate_function	0	code
annotationlib.py	<module>.get_annotations	0	code
argparse.py	<module>.ArgumentParser._get_nargs_pattern	0	code
argparse.py	<module>.ArgumentParser._match_arguments_partial	0	code
argparse.py	<module>.ArgumentParser._parse_known_args	0	code
argparse.py	<module>.ArgumentParser._parse_known_args.consume_optional	0	code
argparse.py	<module>.ArgumentParser._print_message	0	code
argparse.py	<module>.ArgumentParser._read_args_from_files	0	code
argparse.py	<module>.FileType.__repr__	0	code
argparse.py	<module>.HelpFormatter._iter_indented_subactions	0	code
argparse.py	<module>._ActionsContainer.add_argument	0	code
ast.py	<module>.NodeTransformer.generic_visit	0	code
ast.py	<module>.copy_location	0	code
ast.py	<module>.dump._format	0	code
asyncio/__init__.py	<module>.__getattr__	0	code
asyncio/__main__.py	<module>	0	code
asyncio/__main__.py	<module>.REPLThread.run	0	code
asyncio/base_events.py	<module>.BaseEventLoop._connect_sock	0	code
asyncio/base_events.py	<module>.BaseEventLoop._run_once	0	code
asyncio/base_events.py	<module>.BaseEventLoop._sendfile_fallback	0	code
asyncio/base_events.py	<module>.BaseEventLoop._sock_sendfile_fallback	0	code
asyncio/base_events.py	<module>.BaseEventLoop.create_connection	0	code
asyncio/base_events.py	<module>.BaseEventLoop.create_datagram_endpoint	0	code
asyncio/base_events.py	<module>.BaseEventLoop.create_server	0	code
asyncio/base_events.py	<module>.BaseEventLoop.sendfile	0	code
asyncio/base_events.py	<module>.BaseEventLoop.shutdown_default_executor	0	code
asyncio/base_events.py	<module>.BaseEventLoop.sock_sendfile	0	code
asyncio/base_events.py	<module>.Server.serve_forever	0	code
asyncio/base_events.py	<module>._ipaddr_info	0	code
asyncio/base_subprocess.py	<module>.BaseSubprocessTransport._connect_pipes	0	code
asyncio/base_subprocess.py	<module>.BaseSubprocessTransport._connect_pipes.<lambda>	0	COLLISION
asyncio/base_subprocess.py	<module>.BaseSubprocessTransport._connect_pipes.<lambda>	1	COLLISION
asyncio/base_subprocess.py	<module>.BaseSubprocessTransport._connect_pipes.<lambda>	2	MISSING
asyncio/base_subprocess.py	<module>.BaseSubprocessTransport.close	0	code
asyncio/events.py	<module>._ThreadSafeHandle	0	code
asyncio/events.py	<module>._ThreadSafeHandle._run	0	code
asyncio/graph.py	<module>.format_call_graph.render_level	0	code
asyncio/locks.py	<module>.Barrier.wait	0	code
asyncio/locks.py	<module>.Condition.wait	0	code
asyncio/locks.py	<module>.Event.wait	0	code
asyncio/locks.py	<module>.Lock.acquire	0	code
asyncio/locks.py	<module>.Semaphore.acquire	0	code
asyncio/proactor_events.py	<module>.BaseProactorEventLoop._sendfile_native	0	code
asyncio/proactor_events.py	<module>.BaseProactorEventLoop._sock_sendfile_native	0	code
asyncio/proactor_events.py	<module>._ProactorDatagramTransport._loop_reading	0	code
asyncio/proactor_events.py	<module>._ProactorDatagramTransport._loop_writing	0	code
asyncio/proactor_events.py	<module>._ProactorReadPipeTransport._loop_reading	0	code
asyncio/queues.py	<module>.Queue._wakeup_next	0	code
asyncio/queues.py	<module>.Queue.get	0	code
asyncio/queues.py	<module>.Queue.put	0	code
asyncio/runners.py	<module>.Runner.run	0	code
asyncio/selector_events.py	<module>.BaseSelectorEventLoop._sendfile_native	0	code
asyncio/selector_events.py	<module>.BaseSelectorEventLoop.sock_connect	0	code
asyncio/selector_events.py	<module>._SelectorDatagramTransport._sendto_ready	0	code
asyncio/selector_events.py	<module>._SelectorSocketTransport._read_ready__get_buffer	0	code
asyncio/sslproto.py	<module>.SSLProtocol._control_app_writing	0	code
asyncio/sslproto.py	<module>.SSLProtocol._do_read__buffered	0	code
asyncio/sslproto.py	<module>.SSLProtocol._do_read__copied	0	code
asyncio/staggered.py	<module>.staggered_race	0	code
asyncio/staggered.py	<module>.staggered_race.run_one_coro	0	code
asyncio/streams.py	<module>.StreamReader.read	0	code
asyncio/streams.py	<module>.StreamReader.readuntil	0	code
asyncio/taskgroups.py	<module>.TaskGroup.__aexit__	0	code
asyncio/taskgroups.py	<module>.TaskGroup._aexit	0	code
asyncio/tasks.py	<module>	0	code
asyncio/tasks.py	<module>.Task.__eager_start	0	code
asyncio/tasks.py	<module>._wait	0	code
asyncio/tasks.py	<module>.sleep	0	code
asyncio/tasks.py	<module>.wait_for	0	code
asyncio/tools.py	<module>._index	0	code
asyncio/tools.py	<module>.build_task_table	0	code
asyncio/unix_events.py	<module>._ThreadedChildWatcher._do_waitpid	0	code
asyncio/unix_events.py	<module>._UnixSelectorEventLoop._stop_serving	0	code
asyncio/unix_events.py	<module>._UnixSelectorEventLoop.create_unix_connection	0	code
asyncio/unix_events.py	<module>._UnixSelectorEventLoop.create_unix_server	0	code
asyncio/unix_events.py	<module>._UnixWritePipeTransport._write_ready	0	code
asyncio/windows_events.py	<module>.IocpProactor._poll	0	code
asyncio/windows_events.py	<module>.IocpProactor.close	0	code
asyncio/windows_events.py	<module>.IocpProactor.connect_pipe	0	code
asyncio/windows_events.py	<module>.IocpProactor.recv	0	code
asyncio/windows_events.py	<module>.IocpProactor.recv_into	0	code
asyncio/windows_utils.py	<module>.Popen.__init__	0	code
asyncio/windows_utils.py	<module>.pipe	0	code
base64.py	<module>._85encode	0	code
base64.py	<module>.a85decode	0	code
base64.py	<module>.b85decode	0	code
bdb.py	<module>.Bdb.break_here	0	code
bdb.py	<module>.Bdb.dispatch_line	0	code
bdb.py	<module>.Bdb.dispatch_return	0	code
bdb.py	<module>.Bdb.trace_dispatch	0	code
bdb.py	<module>._MonitoringTracer.callback_wrapper	0	code
bdb.py	<module>._MonitoringTracer.callback_wrapper.wrapper	0	code
bdb.py	<module>.effective	0	code
bz2.py	<module>.BZ2File.close	0	code
cProfile.py	<module>.Profile.snapshot_stats	0	code
cProfile.py	<module>.main	0	code
calendar.py	<module>._CLIDemoCalendar.formatyear	0	code
cmd.py	<module>.Cmd.cmdloop	0	code
cmd.py	<module>.Cmd.complete	0	code
cmd.py	<module>.Cmd.do_help	0	code
code.py	<module>.InteractiveConsole.interact	0	code
codecs.py	<module>.StreamReader.read	0	code
codecs.py	<module>.StreamReader.readline	0	code
codecs.py	<module>.make_encoding_map	0	code
codeop.py	<module>._maybe_compile	0	code
compileall.py	<module>._walk_dir	0	code
compileall.py	<module>.compile_file	0	code
compileall.py	<module>.compile_path	0	code
compileall.py	<module>.main	0	code
compression/_common/_streams.py	<module>.DecompressReader.read	0	code
compression/zstd/_zstdfile.py	<module>.ZstdFile.close	0	code
concurrent/futures/_base.py	<module>.Executor.map	0	code
concurrent/futures/_base.py	<module>.Executor.map.<genexpr>	0	code
concurrent/futures/_base.py	<module>.Future.__get_result	0	code
concurrent/futures/_base.py	<module>.Future.add_done_callback	0	code
concurrent/futures/_base.py	<module>.Future.result	0	code
concurrent/futures/_base.py	<module>._result_or_cancel	0	code
concurrent/futures/_base.py	<module>._yield_finished_futures	0	code
concurrent/futures/_base.py	<module>.as_completed	0	code
concurrent/futures/_base.py	<module>.wait	0	code
concurrent/futures/_base.py	<module>.wait.<genexpr>	0	MISSING
concurrent/futures/process.py	<module>.ProcessPoolExecutor._force_shutdown	0	code
concurrent/futures/process.py	<module>._ExecutorManagerThread._terminate_broken	0	code
concurrent/futures/process.py	<module>._ExecutorManagerThread.flag_executor_shutting_down	0	code
concurrent/futures/process.py	<module>._ExecutorManagerThread.run	0	code
concurrent/futures/process.py	<module>._ExecutorManagerThread.shutdown_workers	0	code
concurrent/futures/process.py	<module>._ExecutorManagerThread.wait_result_broken_or_wakeup	0	code
concurrent/futures/process.py	<module>._chain_from_iterable_of_lists	0	code
concurrent/futures/process.py	<module>._process_worker	0	code
concurrent/futures/thread.py	<module>.ThreadPoolExecutor._initializer_failed	0	code
concurrent/futures/thread.py	<module>.ThreadPoolExecutor.shutdown	0	code
concurrent/futures/thread.py	<module>._worker	0	code
configparser.py	<module>.BasicInterpolation._interpolate_some	0	code
configparser.py	<module>.ExtendedInterpolation._interpolate_some	0	code
configparser.py	<module>.RawConfigParser._read_inner	0	code
configparser.py	<module>.RawConfigParser._validate_value_types	0	code
configparser.py	<module>.RawConfigParser.read	0	code
configparser.py	<module>.RawConfigParser.remove_option	0	code
configparser.py	<module>.RawConfigParser.set	0	code
contextlib.py	<module>.AsyncExitStack.__aexit__	0	code
contextlib.py	<module>.ExitStack.__exit__	0	code
contextlib.py	<module>._AsyncGeneratorContextManager.__aexit__	0	code
contextlib.py	<module>._GeneratorContextManager.__exit__	0	code
copy.py	<module>._deepcopy_tuple	0	code
copyreg.py	<module>._reduce_ex	0	code
copyreg.py	<module>._slotnames	0	code
csv.py	<module>.Sniffer._guess_quote_and_delimiter	0	code
csv.py	<module>.Sniffer.has_header	0	code
ctypes/_layout.py	<module>.get_layout	0	code
ctypes/macholib/dyld.py	<module>.framework_find	0	code
ctypes/util.py	<module>._findLib_gcc	0	code
ctypes/util.py	<module>._findSoname_ldconfig	0	code
curses/__init__.py	<module>.wrapper	0	code
curses/has_key.py	<module>	0	code
curses/textpad.py	<module>.Textbox._insert_printable_char	0	code
dataclasses.py	<module>._add_slots	0	code
dataclasses.py	<module>._create_slots	0	code
dataclasses.py	<module>._get_slots	0	code
dataclasses.py	<module>._hash_add	0	code
dataclasses.py	<module>._make_annotate_function	0	code
dataclasses.py	<module>._replace	0	code
dataclasses.py	<module>._update_func_cell_for__class__	0	code
dataclasses.py	<module>.make_dataclass.annotate_method	0	code
dataclasses.py	<module>.make_dataclass.annotate_method.get_any	0	code
dbm/__init__.py	<module>.open	0	code
dbm/__init__.py	<module>.whichdb	0	code
dbm/dumb.py	<module>._Database._create	0	code
dbm/dumb.py	<module>._Database._update	0	code
dbm/sqlite3.py	<module>._Database.__init__	0	code
difflib.py	<module>.Differ._fancy_replace	0	code
difflib.py	<module>.HtmlDiff._line_wrapper	0	code
difflib.py	<module>.SequenceMatcher.get_matching_blocks	0	code
difflib.py	<module>._keep_original_ws.<genexpr>	0	code
difflib.py	<module>._mdiff	0	code
difflib.py	<module>._mdiff._line_iterator	0	code
difflib.py	<module>._mdiff._line_pair_iterator	0	code
dis.py	<module>.Formatter.print_instruction_line.<genexpr>	1	code
dis.py	<module>._get_positions_width.<genexpr>	1	code
dis.py	<module>._parse_exception_table	0	code
dis.py	<module>._unpack_opargs	0	code
doctest.py	<module>.DocTestFinder._find_lineno	0	code
doctest.py	<module>.DocTestRunner.__run	0	code
doctest.py	<module>.OutputChecker.output_difference	0	code
doctest.py	<module>._load_testfile	0	code
doctest.py	<module>._normalize_module	0	code
email/_header_value_parser.py	<module>.MimeParameters.params	0	code
email/_header_value_parser.py	<module>._fold_mime_parameters	0	code
email/_header_value_parser.py	<module>._refold_parse_tree	0	code
email/_header_value_parser.py	<module>.get_bare_quoted_string	0	code
email/_header_value_parser.py	<module>.get_group_list	0	code
email/_header_value_parser.py	<module>.get_mailbox_list	0	code
email/_header_value_parser.py	<module>.get_obs_local_part	0	code
email/_header_value_parser.py	<module>.get_parameter	0	code
email/_header_value_parser.py	<module>.get_phrase	0	code
email/_header_value_parser.py	<module>.get_unstructured	0	code
email/_header_value_parser.py	<module>.parse_message_ids	0	code
email/_header_value_parser.py	<module>.parse_mime_version	0	code
email/_parseaddr.py	<module>._parsedate_tz	0	code
email/charset.py	<module>.Charset.__init__	0	code
email/contentmanager.py	<module>._encode_text	0	code
email/contentmanager.py	<module>._prepare_set	0	code
email/feedparser.py	<module>.FeedParser._parsegen	0	code
email/header.py	<module>._ValueFormatter._append_chunk	0	code
email/header.py	<module>._ValueFormatter.feed	0	code
email/header.py	<module>.decode_header	0	code
email/headerregistry.py	<module>.AddressHeader.parse	0	code
email/message.py	<module>.Message.get_payload	0	code
email/message.py	<module>._decode_uu	0	code
email/message.py	<module>._formatparam	0	code
email/utils.py	<module>._check_parenthesis	0	code
encodings/__init__.py	<module>.search_function	0	code
encodings/uu_codec.py	<module>.uu_decode	0	code
ensurepip/__init__.py	<module>._bootstrap	0	code
enum.py	<module>.Enum.__new__	0	code
enum.py	<module>.Enum._add_value_alias_	0	code
enum.py	<module>.EnumDict.__setitem__	0	code
enum.py	<module>.EnumType.__new__	0	code
enum.py	<module>.EnumType._find_data_type_	0	code
enum.py	<module>.Flag._missing_	0	code
enum.py	<module>._proto_member.__set_name__	0	code
enum.py	<module>._simple_enum.convert_class	0	code
enum.py	<module>.verify.__call__	0	code
filecmp.py	<module>._do_cmp	0	code
fileinput.py	<module>.FileInput._readline	0	code
fileinput.py	<module>.FileInput.nextfile	0	code
fnmatch.py	<module>._translate	0	code
ftplib.py	<module>.FTP.__exit__	0	code
ftplib.py	<module>.FTP.cwd	0	code
ftplib.py	<module>.FTP.retrlines	0	code
ftplib.py	<module>.FTP.storlines	0	code
ftplib.py	<module>.test	0	code
functools.py	<module>._c3_merge	0	code
functools.py	<module>.partial.__setstate__	0	code
functools.py	<module>.singledispatch.dispatch	0	code
getopt.py	<module>.short_has_arg	0	code
getpass.py	<module>	0	code
getpass.py	<module>.unix_getpass	0	code
gettext.py	<module>.GNUTranslations.ngettext	0	code
gettext.py	<module>.GNUTranslations.npgettext	0	code
gettext.py	<module>._parse	0	code
gettext.py	<module>.c2py	0	code
gettext.py	<module>.translation	0	code
glob.py	<module>._GlobberBase.literal_selector	0	code
glob.py	<module>._GlobberBase.recursive_selector.select_recursive_step	0	code
glob.py	<module>._GlobberBase.wildcard_selector.select_wildcard	0	code
glob.py	<module>._iterdir	0	code
graphlib.py	<module>.TopologicalSorter._find_cycle	0	code
gzip.py	<module>._GzipReader.read	0	code
heapq.py	<module>.merge	0	code
hmac.py	<module>.HMAC.__init	0	code
hmac.py	<module>.digest	0	code
html/__init__.py	<module>._replace_charref	0	code
html/parser.py	<module>.HTMLParser.goahead	0	code
html/parser.py	<module>.HTMLParser.parse_starttag	0	code
http/client.py	<module>.HTTPConnection._get_hostport	0	code
http/client.py	<module>.HTTPConnection._send_output	0	code
http/client.py	<module>.HTTPConnection.putrequest	0	code
http/client.py	<module>.HTTPResponse.begin	0	code
http/client.py	<module>.HTTPResponse.read	0	code
http/cookiejar.py	<module>.CookieJar.__len__	0	code
http/cookiejar.py	<module>.CookieJar.__repr__	0	code
http/cookiejar.py	<module>.CookieJar.__str__	0	code
http/cookiejar.py	<module>.CookieJar._cookie_from_cookie_tuple	0	code
http/cookiejar.py	<module>.CookieJar.add_cookie_header	0	code
http/cookiejar.py	<module>.CookieJar.make_cookies	0	code
http/cookiejar.py	<module>.CookieJar.make_cookies.no_matching_rfc2965	0	MISSING
http/cookiejar.py	<module>.DefaultCookiePolicy.set_ok_domain	0	code
http/cookiejar.py	<module>.FileCookieJar.revert	0	code
http/cookiejar.py	<module>._timegm	0	code
http/cookiejar.py	<module>.parse_ns_headers	0	code
http/cookiejar.py	<module>.user_domain_match	0	code
http/server.py	<module>	0	code
http/server.py	<module>.CGIHTTPRequestHandler.run_cgi	0	code
http/server.py	<module>.SimpleHTTPRequestHandler.send_head	0	code
imaplib.py	<module>	0	code
imaplib.py	<module>.IMAP4._command	0	code
imaplib.py	<module>.IMAP4._get_response	0	code
imaplib.py	<module>.IMAP4.readline	0	code
imaplib.py	<module>.Idler.__enter__	0	code
importlib/__init__.py	<module>	0	code
importlib/__init__.py	<module>.reload	0	code
importlib/_bootstrap.py	<module>.FrozenImporter._fix_up_module	0	code
importlib/_bootstrap.py	<module>._ModuleLock.acquire	0	code
importlib/_bootstrap.py	<module>._find_and_load	0	code
importlib/_bootstrap.py	<module>._find_and_load_unlocked	0	code
importlib/_bootstrap.py	<module>._find_spec	0	code
importlib/_bootstrap.py	<module>._init_module_attrs	0	code
importlib/_bootstrap.py	<module>._load_unlocked	0	code
importlib/_bootstrap.py	<module>.spec_from_loader	0	code
importlib/_bootstrap_external.py	<module>.AppleFrameworkLoader.create_module	0	code
importlib/_bootstrap_external.py	<module>.FileFinder.find_spec	0	code
importlib/_bootstrap_external.py	<module>.spec_from_file_location	0	code
importlib/metadata/__init__.py	<module>.FastPath.children	0	code
importlib/resources/_common.py	<module>._is_present_dir	0	code
importlib/resources/_common.py	<module>._tempfile	0	code
importlib/util.py	<module>._LazyModule.__getattribute__	0	code
importlib/util.py	<module>.find_spec	0	code
inspect.py	<module>.BoundArguments.args	0	code
inspect.py	<module>.BoundArguments.kwargs	0	code
inspect.py	<module>.Signature._bind	0	code
inspect.py	<module>._getmembers	0	code
inspect.py	<module>._main	0	code
inspect.py	<module>._missing_arguments	0	code
inspect.py	<module>._signature_from_callable	0	code
inspect.py	<module>._signature_from_callable.<lambda>	0	code
inspect.py	<module>._signature_get_partial	0	code
inspect.py	<module>._signature_get_user_defined_method.<lambda>	0	code
inspect.py	<module>._too_many	0	code
inspect.py	<module>.classify_class_attrs	0	code
inspect.py	<module>.getclasstree	0	code
inspect.py	<module>.getclosurevars	0	code
inspect.py	<module>.getfile	0	code
ipaddress.py	<module>.IPv4Network.is_global	0	code
ipaddress.py	<module>._BaseV4._make_netmask	0	code
ipaddress.py	<module>._IPAddressBase._prefix_from_ip_string	0	code
ipaddress.py	<module>.collapse_addresses	0	code
ipaddress.py	<module>.summarize_address_range	0	code
json/decoder.py	<module>.JSONArray	0	code
json/decoder.py	<module>.py_scanstring	0	code
json/encoder.py	<module>._make_iterencode._iterencode_dict	0	code
json/encoder.py	<module>._make_iterencode._iterencode_list	0	code
linecache.py	<module>.updatecache	0	code
locale.py	<module>._grouping_intervals	0	code
locale.py	<module>.getpreferredencoding	0	code
locale.py	<module>.getpreferredencoding	1	code
logging/__init__.py	<module>.FileHandler.close	0	code
logging/__init__.py	<module>.Handler.close	0	code
logging/__init__.py	<module>.Handler.handleError	0	code
logging/__init__.py	<module>.LogRecord.__init__	0	code
logging/__init__.py	<module>.LoggerAdapter.process	0	code
logging/__init__.py	<module>.StrFormatStyle.validate	0	code
logging/__init__.py	<module>.StreamHandler.flush	0	code
logging/__init__.py	<module>._removeHandlerRef	0	code
logging/__init__.py	<module>.shutdown	0	code
logging/config.py	<module>.BaseConfigurator.cfg_convert	0	code
logging/config.py	<module>.DictConfigurator.configure	0	code
logging/config.py	<module>.DictConfigurator.configure_handler	0	code
logging/config.py	<module>.listen.ConfigStreamHandler.handle	0	code
logging/handlers.py	<module>.RotatingFileHandler.shouldRollover	0	code
logging/handlers.py	<module>.SMTPHandler.emit	0	code
logging/handlers.py	<module>.SysLogHandler.createSocket	0	code
logging/handlers.py	<module>.TimedRotatingFileHandler.getFilesToDelete	0	code
lzma.py	<module>.LZMAFile.close	0	code
lzma.py	<module>.decompress	0	code
mailbox.py	<module>.Babyl._install_message	0	code
mailbox.py	<module>.Babyl.get_bytes	0	code
mailbox.py	<module>.MH.__setitem__	0	code
mailbox.py	<module>.MH.add	0	code
mailbox.py	<module>.MH.get_bytes	0	code
mailbox.py	<module>.MH.get_message	0	code
mailbox.py	<module>.MH.get_sequences	0	code
mailbox.py	<module>.MMDF._generate_toc	0	code
mailbox.py	<module>.Maildir.add	0	code
mailbox.py	<module>._lock_file	0	code
mailbox.py	<module>._singlefileMailbox.__init__	0	code
mailbox.py	<module>._singlefileMailbox.close	0	code
mimetypes.py	<module>.MimeTypes._read_windows_registry	0	code
mimetypes.py	<module>.MimeTypes._read_windows_registry.enum_types	0	MISSING
modulefinder.py	<module>.ModuleFinder.import_module	0	code
modulefinder.py	<module>.ModuleFinder.load_tail	0	code
multiprocessing/connection.py	<module>.Listener.__init__	0	code
multiprocessing/connection.py	<module>.Pipe	1	code
multiprocessing/connection.py	<module>.PipeConnection._recv_bytes	0	code
multiprocessing/connection.py	<module>.PipeListener.accept	0	code
multiprocessing/connection.py	<module>.XmlClient	0	code
multiprocessing/connection.py	<module>.XmlListener.accept	0	code
multiprocessing/connection.py	<module>._exhaustive_wait	0	code
multiprocessing/connection.py	<module>.reduce_pipe_connection	0	code
multiprocessing/connection.py	<module>.wait	0	code
multiprocessing/connection.py	<module>.wait.<genexpr>	0	MISSING
multiprocessing/forkserver.py	<module>.ForkServer.connect_to_new_process	0	code
multiprocessing/forkserver.py	<module>.ForkServer.ensure_running	0	code
multiprocessing/forkserver.py	<module>.main	0	code
multiprocessing/managers.py	<module>.BaseManager._finalize_manager	0	code
multiprocessing/managers.py	<module>.BaseManager.register	0	code
multiprocessing/managers.py	<module>.BaseProxy._callmethod	0	code
multiprocessing/managers.py	<module>.Server._handle_request	0	code
multiprocessing/managers.py	<module>.Server.serve_client	0	code
multiprocessing/managers.py	<module>.Server.serve_forever	0	code
multiprocessing/managers.py	<module>.SharedMemoryManager.ShareableList	0	code
multiprocessing/managers.py	<module>.SharedMemoryManager.SharedMemory	0	code
multiprocessing/pool.py	<module>.Pool._handle_results	0	code
multiprocessing/pool.py	<module>.Pool._handle_tasks	0	code
multiprocessing/pool.py	<module>.ThreadPool._help_stuff_finish	0	code
multiprocessing/pool.py	<module>.worker	0	code
multiprocessing/popen_fork.py	<module>.Popen._launch	0	code
multiprocessing/popen_fork.py	<module>.Popen._send_signal	0	code
multiprocessing/popen_spawn_posix.py	<module>.Popen._launch	0	code
multiprocessing/popen_spawn_win32.py	<module>.Popen.__init__	0	code
multiprocessing/process.py	<module>.BaseProcess._bootstrap	0	code
multiprocessing/queues.py	<module>.Queue._feed	0	code
multiprocessing/queues.py	<module>.Queue.get	0	code
multiprocessing/resource_sharer.py	<module>._ResourceSharer._serve	0	code
multiprocessing/resource_sharer.py	<module>._ResourceSharer.register	0	code
multiprocessing/resource_tracker.py	<module>.ResourceTracker._ensure_running_and_write	0	code
multiprocessing/resource_tracker.py	<module>.ResourceTracker._launch	0	code
multiprocessing/resource_tracker.py	<module>.ResourceTracker._stop	0	code
multiprocessing/resource_tracker.py	<module>.ResourceTracker._stop_locked	0	code
multiprocessing/resource_tracker.py	<module>.main	0	code
multiprocessing/shared_memory.py	<module>.ShareableList.__init__	0	code
multiprocessing/shared_memory.py	<module>.SharedMemory.__init__	0	code
multiprocessing/sharedctypes.py	<module>.synchronized	0	code
multiprocessing/synchronize.py	<module>.Condition.notify	0	code
multiprocessing/synchronize.py	<module>.Event.is_set	0	code
multiprocessing/synchronize.py	<module>.SemLock.__init__	0	code
multiprocessing/synchronize.py	<module>.SemLock.__init__._after_fork	0	MISSING
netrc.py	<module>.netrc.__init__	0	code
netrc.py	<module>.netrc._parse	0	code
ntpath.py	<module>	0	code
ntpath.py	<module>._getfinalpathname_nonstrict	0	code
ntpath.py	<module>._readlink_deep	0	code
ntpath.py	<module>.abspath	0	code
ntpath.py	<module>.abspath	1	code
ntpath.py	<module>.commonpath	0	code
ntpath.py	<module>.join	0	code
ntpath.py	<module>.realpath	0	code
ntpath.py	<module>.realpath	1	code
ntpath.py	<module>.splitroot	0	MISSING
optparse.py	<module>.OptionParser._process_args	0	code
os.py	<module>	0	code
os.py	<module>._fwalk	0	code
os.py	<module>._get_exports_list	0	code
os.py	<module>.get_exec_path	0	code
os.py	<module>.removedirs	0	code
os.py	<module>.walk	0	code
pathlib/__init__.py	<module>.PurePath.__init__	0	code
pathlib/_os.py	<module>.copy_info	0	code
pathlib/_os.py	<module>.copyfileobj	0	code
pathlib/types.py	<module>._ReadablePath.walk	0	code
pathlib/types.py	<module>._WritablePath._copy_from	0	code
pdb.py	<module>.Pdb.__init__	0	code
pdb.py	<module>.Pdb._enable_multiline_input	0	code
pdb.py	<module>.Pdb._enable_rlcompleter	0	code
pdb.py	<module>.Pdb._get_tb_and_exceptions	0	code
pdb.py	<module>.Pdb._msg_val_func	0	code
pdb.py	<module>.Pdb._read_code	0	code
pdb.py	<module>.Pdb._replace_convenience_variables	0	code
pdb.py	<module>.Pdb.default	0	code
pdb.py	<module>.Pdb.do_break	0	code
pdb.py	<module>.Pdb.do_commands	0	code
pdb.py	<module>.Pdb.do_condition	0	code
pdb.py	<module>.Pdb.do_help	0	code
pdb.py	<module>.Pdb.do_interact	0	code
pdb.py	<module>.Pdb.do_quit	0	code
pdb.py	<module>.Pdb.do_source	0	code
pdb.py	<module>.Pdb.do_whatis	0	code
pdb.py	<module>.Pdb.do_where	0	code
pdb.py	<module>.Pdb.lineinfo	0	code
pdb.py	<module>.Pdb.rlcompleter	0	code
pdb.py	<module>.Pdb.set_trace_async	0	code
pdb.py	<module>._PdbClient._ensure_valid_message	0	code
pdb.py	<module>._PdbClient._sigint_handler	0	code
pdb.py	<module>._PdbClient.cmdloop	0	code
pdb.py	<module>._PdbClient.process_payload	0	code
pdb.py	<module>._PdbClient.prompt_for_reply	0	code
pdb.py	<module>._PdbClient.readline_completion	0	code
pdb.py	<module>._PdbServer._ensure_valid_message	0	code
pdb.py	<module>._PdbServer._ensure_valid_message.<genexpr>	0	MISSING
pdb.py	<module>._PdbServer._ensure_valid_message.<genexpr>	1	MISSING
pdb.py	<module>._PdbServer._read_reply	0	code
pdb.py	<module>._PdbServer._start_signal_listener	0	code
pdb.py	<module>._PdbServer._start_signal_listener.listener	0	code
pdb.py	<module>._PdbServer.cmdloop	0	code
pdb.py	<module>.find_function	0	code
pdb.py	<module>.main	0	code
pickle.py	<module>._Pickler.save_reduce	0	code
pickle.py	<module>._Pickler.save_tuple	0	code
pickle.py	<module>.whichmodule	0	code
pickletools.py	<module>	0	code
pickletools.py	<module>.OpcodeInfo.__init__	0	code
pickletools.py	<module>.StackObject.__init__	0	code
pickletools.py	<module>.assure_pickle_consistency	0	code
pickletools.py	<module>.dis	0	code
pkgutil.py	<module>._iter_file_finder_modules	0	code
pkgutil.py	<module>.extend_path	0	code
pkgutil.py	<module>.get_importer	0	code
pkgutil.py	<module>.resolve_name	0	code
pkgutil.py	<module>.walk_packages	0	code
platform.py	<module>._get_machine_win32	0	code
platform.py	<module>._syscmd_ver	0	code
platform.py	<module>.freedesktop_os_release	0	code
platform.py	<module>.libc_ver	0	code
platform.py	<module>.uname	0	code
plistlib.py	<module>._BinaryPlistParser._read_object	0	code
plistlib.py	<module>._BinaryPlistWriter._write_object	0	code
plistlib.py	<module>.load	0	code
poplib.py	<module>.POP3.close	0	code
posixpath.py	<module>.commonpath	0	code
posixpath.py	<module>.expanduser	0	code
posixpath.py	<module>.join	0	code
posixpath.py	<module>.realpath	0	code
pprint.py	<module>.PrettyPrinter._format_items	0	code
pprint.py	<module>.PrettyPrinter._safe_repr	0	code
profile.py	<module>.main	0	code
pstats.py	<module>.ProfileBrowser.generic	0	code
pstats.py	<module>.Stats.get_sort_arg_defs	0	code
pstats.py	<module>.Stats.load_stats	0	code
pty.py	<module>._copy	0	code
pty.py	<module>.spawn	0	code
pydoc.py	<module>.Doc.getdocloc	0	code
pydoc.py	<module>.HTMLDoc.docclass	0	code
pydoc.py	<module>.HTMLDoc.docclass.spill	0	code
pydoc.py	<module>.HTMLDoc.docmodule	0	code
pydoc.py	<module>.HTMLDoc.docroutine	0	code
pydoc.py	<module>.ModuleScanner.run	0	code
pydoc.py	<module>.TextDoc.docclass.spill	0	code
pydoc.py	<module>.TextDoc.docclass.spilldata	0	code
pydoc.py	<module>.TextDoc.docmodule	0	code
pydoc.py	<module>.TextDoc.docroutine	0	code
pydoc.py	<module>.TextRepr.repr1	0	code
pydoc.py	<module>._url_handler.get_html_page	0	code
pydoc.py	<module>.browse	0	code
pydoc.py	<module>.cli	0	code
pydoc.py	<module>.safeimport	0	code
pydoc.py	<module>.synopsis	0	code
queue.py	<module>.Queue.full	0	code
queue.py	<module>.Queue.get	0	code
queue.py	<module>.Queue.put	0	code
quopri.py	<module>.main	0	code
quopri.py	<module>.unhex	0	code
random.py	<module>.Random.binomialvariate	0	code
random.py	<module>.Random.choices	0	code
random.py	<module>.Random.gammavariate	0	code
random.py	<module>.Random.seed	0	code
re/_compiler.py	<module>._compile	0	code
re/_compiler.py	<module>._generate_overlap_table	0	code
re/_compiler.py	<module>._get_charset_prefix	0	code
re/_compiler.py	<module>._get_literal_prefix	0	code
re/_compiler.py	<module>._optimize_charset	0	code
re/_parser.py	<module>._class_escape	0	code
re/_parser.py	<module>._escape	0	code
re/_parser.py	<module>._parse	0	code
re/_parser.py	<module>._parse_sub	0	code
re/_parser.py	<module>.parse_template	0	code
reprlib.py	<module>.Repr.repr1	0	code
rlcompleter.py	<module>.Completer.attr_matches	0	code
runpy.py	<module>._get_module_details	0	code
runpy.py	<module>.run_path	0	code
sched.py	<module>.scheduler.run	0	code
selectors.py	<module>._BaseSelectorImpl._fileobj_lookup	0	code
selectors.py	<module>._fileobj_to_fd	0	code
shelve.py	<module>.Shelf.close	0	code
shlex.py	<module>.shlex.get_token	0	code
shlex.py	<module>.shlex.read_token	0	code
shutil.py	<module>._copyfileobj_readinto	0	code
shutil.py	<module>._copytree	0	code
shutil.py	<module>._fastcopy_copy_file_range	0	code
shutil.py	<module>._fastcopy_sendfile	0	code
shutil.py	<module>._rmtree_safe_fd	0	code
shutil.py	<module>._rmtree_safe_fd_step	0	code
shutil.py	<module>._rmtree_unsafe	0	code
shutil.py	<module>.copy2	0	code
shutil.py	<module>.copyfile	0	code
shutil.py	<module>.get_terminal_size	0	code
shutil.py	<module>.move	0	code
shutil.py	<module>.which	0	code
site.py	<module>.addpackage	0	code
site.py	<module>.register_readline	0	code
smtplib.py	<module>.SMTP.auth	0	code
smtplib.py	<module>.SMTP.ehlo	0	code
smtplib.py	<module>.SMTP.getreply	0	code
smtplib.py	<module>.SMTP.login	0	code
smtplib.py	<module>.SMTP.send	0	code
socket.py	<module>._fallback_socketpair	0	code
socket.py	<module>.create_connection	0	code
socket.py	<module>.getfqdn	0	code
socket.py	<module>.has_dualstack_ipv6	0	code
socket.py	<module>.socket._sendfile_use_send	0	code
socket.py	<module>.socket._sendfile_use_sendfile	0	code
socketserver.py	<module>.BaseServer._handle_request_noblock	0	code
socketserver.py	<module>.BaseServer.serve_forever	0	code
socketserver.py	<module>.ForkingMixIn.collect_children	0	code
socketserver.py	<module>.ForkingMixIn.process_request	0	code
sqlite3/__main__.py	<module>.main	0	code
ssl.py	<module>.SSLSocket	0	code
ssl.py	<module>.SSLSocket._create	0	code
ssl.py	<module>.SSLSocket.recv_into	0	code
ssl.py	<module>.get_default_verify_paths	0	code
stat.py	<module>.filemode	0	code
statistics.py	<module>.NormalDist.samples	0	code
statistics.py	<module>._sqrtprod	0	code
statistics.py	<module>.triangular_kernel.<lambda>	1	code
statistics.py	<module>.triangular_kernel.<lambda>	2	code
subprocess.py	<module>.Popen.__exit__	0	code
subprocess.py	<module>.Popen.__init__	0	code
subprocess.py	<module>.Popen._check_timeout	0	code
subprocess.py	<module>.Popen._communicate	1	code
subprocess.py	<module>.Popen._execute_child	1	code
subprocess.py	<module>.Popen._filter_handle_list	0	code
subprocess.py	<module>.Popen._internal_poll	1	code
subprocess.py	<module>.Popen._on_error_fd_closer	0	code
subprocess.py	<module>.Popen._wait	1	code
subprocess.py	<module>.call	0	code
subprocess.py	<module>.run	0	code
symtable.py	<module>.Class.get_methods	0	code
sysconfig/__init__.py	<module>._init_non_posix	0	code
sysconfig/__init__.py	<module>._subst_vars	0	code
sysconfig/__init__.py	<module>.get_config_vars	0	code
sysconfig/__main__.py	<module>._generate_posix_vars	0	code
sysconfig/__main__.py	<module>._parse_makefile	0	code
tabnanny.py	<module>.Whitespace.__init__	0	code
tabnanny.py	<module>._process_tokens	0	code
tabnanny.py	<module>.check	0	code
tarfile.py	<module>.TarFile.__init__	0	code
tarfile.py	<module>.TarFile.extractall	0	code
tarfile.py	<module>.TarFile.gettarinfo	0	code
tarfile.py	<module>.TarFile.next	0	code
tarfile.py	<module>.TarFile.open	0	code
tarfile.py	<module>.TarInfo._frombuf	0	code
tarfile.py	<module>.TarInfo._posix_split_name	0	code
tarfile.py	<module>.TarInfo._proc_pax	0	code
tarfile.py	<module>.TarInfo._proc_sparse	0	code
tarfile.py	<module>._FileInFile.read	0	code
tarfile.py	<module>._Stream.__init__	0	code
tarfile.py	<module>.main	0	code
tempfile.py	<module>.TemporaryDirectory._rmtree.onexc	0	code
tempfile.py	<module>._TemporaryFileCloser.cleanup	0	code
tempfile.py	<module>._TemporaryFileCloser.close	0	code
tempfile.py	<module>._get_candidate_names	0	code
tempfile.py	<module>._get_default_tempdir	0	code
tempfile.py	<module>._gettempdir	0	code
textwrap.py	<module>.TextWrapper._wrap_chunks	0	code
textwrap.py	<module>.dedent	0	code
threading.py	<module>.Barrier.wait	0	code
threading.py	<module>.Condition.wait	0	code
threading.py	<module>.Thread._bootstrap	0	code
threading.py	<module>.Thread._bootstrap_inner	0	code
threading.py	<module>.Thread.start	0	code
threading.py	<module>._after_fork	0	code
threading.py	<module>._make_invoke_excepthook.invoke_excepthook	0	code
timeit.py	<module>.main	0	code
tkinter/__init__.py	<module>	0	code
tkinter/__init__.py	<module>.BaseWidget.destroy	0	code
tkinter/__init__.py	<module>.CallWrapper.__call__	0	code
tkinter/__init__.py	<module>.Misc._options	0	code
tkinter/__init__.py	<module>.Misc._substitute	0	code
tkinter/__init__.py	<module>.Misc.after.callit	0	code
tkinter/__init__.py	<module>.Misc.winfo_visualsavailable	0	code
tkinter/__init__.py	<module>.Text.dump	0	code
tkinter/__init__.py	<module>.Tk.destroy	0	code
tkinter/ttk.py	<module>.LabeledScale.__init__	0	code
tkinter/ttk.py	<module>._list_from_layouttuple	0	code
tokenize.py	<module>._all_string_prefixes	0	code
tokenize.py	<module>._main	0	code
tokenize.py	<module>._main.error	0	MISSING
tokenize.py	<module>._main.perror	0	MISSING
tomllib/_parser.py	<module>.loads	0	code
tomllib/_parser.py	<module>.parse_value	0	code
trace.py	<module>.CoverageResults.__init__	0	code
trace.py	<module>.CoverageResults.write_results	0	code
trace.py	<module>._Ignore.__init__	0	code
trace.py	<module>._find_strings	0	code
trace.py	<module>.main	0	code
trace.py	<module>.main.parse_ignore_dir	0	MISSING
traceback.py	<module>.StackSummary._should_show_carets	0	code
traceback.py	<module>.StackSummary.format_frame_summary	0	code
traceback.py	<module>.StackSummary.format_frame_summary.<lambda>	0	MISSING
traceback.py	<module>.StackSummary.format_frame_summary.output_line	0	MISSING
traceback.py	<module>.StackSummary.format_frame_summary.output_line.<genexpr>	0	MISSING
traceback.py	<module>.StackSummary.format_frame_summary.output_line.<genexpr>	1	MISSING
traceback.py	<module>.StackSummary.format_frame_summary.output_line.<genexpr>	2	MISSING
traceback.py	<module>.StackSummary.format_frame_summary.output_line.<genexpr>	3	MISSING
traceback.py	<module>.StackSummary.format_frame_summary.output_line.<genexpr>	4	MISSING
traceback.py	<module>.StackSummary.format_frame_summary.output_line.<genexpr>	5	MISSING
traceback.py	<module>.StackSummary.format_frame_summary.output_line.<lambda>	0	MISSING
traceback.py	<module>.TracebackException._find_keyword_typos	0	code
traceback.py	<module>.TracebackException._format_syntax_error	0	code
traceback.py	<module>.TracebackException._format_syntax_error.<genexpr>	0	MISSING
traceback.py	<module>.TracebackException.format_exception_only	0	code
traceback.py	<module>._compute_suggestion_error	0	code
traceback.py	<module>._extract_caret_anchors_from_line_segment	0	code
traceback.py	<module>._extract_caret_anchors_from_line_segment.<lambda>	0	COLLISION
traceback.py	<module>._extract_caret_anchors_from_line_segment.<lambda>	1	MISSING
traceback.py	<module>._extract_caret_anchors_from_line_segment.<lambda>	2	MISSING
traceback.py	<module>._extract_caret_anchors_from_line_segment.increment_until	0	code
traceback.py	<module>._levenshtein_distance	0	code
turtle.py	<module>.RawTurtle._cc	0	code
turtle.py	<module>.RawTurtle.shapesize	0	code
turtle.py	<module>.RawTurtle.shapetransform	0	code
turtle.py	<module>.TurtleScreen._colorstr	0	code
turtle.py	<module>.TurtleScreenBase._resize	0	code
turtle.py	<module>.config_dict	0	code
turtle.py	<module>.getmethparlist	0	code
types.py	<module>._cell_factory	0	code
typing.py	<module>.NamedTupleMeta.__new__	0	code
typing.py	<module>._ProtocolMeta.__instancecheck__	0	code
typing.py	<module>._generic_class_getitem	0	code
typing.py	<module>._paramspec_prepare_subst	0	code
typing.py	<module>._proto_hook	0	code
unittest/async_case.py	<module>.IsolatedAsyncioTestCase.enterAsyncContext	0	code
unittest/case.py	<module>.TestCase._tail_type_check	0	code
unittest/case.py	<module>.TestCase.doClassCleanups	0	code
unittest/case.py	<module>.TestCase.run	0	code
unittest/case.py	<module>.TestCase.subTest	0	code
unittest/case.py	<module>._AssertRaisesBaseContext.handle	0	code
unittest/case.py	<module>._enter_context	0	code
unittest/case.py	<module>.doModuleCleanups	0	code
unittest/loader.py	<module>.TestLoader._find_test_path	0	code
unittest/loader.py	<module>.TestLoader.discover	0	code
unittest/loader.py	<module>.TestLoader.getTestCaseNames.shouldIncludeMethod	0	code
unittest/loader.py	<module>.TestLoader.loadTestsFromName	0	code
unittest/main.py	<module>.TestProgram.runTests	0	code
unittest/mock.py	<module>.AsyncMockMixin._execute_mock_call	0	code
unittest/mock.py	<module>.AsyncMockMixin.assert_has_awaits	0	code
unittest/mock.py	<module>.NonCallableMock.__dir__	0	code
unittest/mock.py	<module>.NonCallableMock.__getattr__	0	code
unittest/mock.py	<module>.NonCallableMock._call_matcher	0	code
unittest/mock.py	<module>.NonCallableMock._mock_add_spec	0	code
unittest/mock.py	<module>.NonCallableMock.assert_has_calls	0	code
unittest/mock.py	<module>.ThreadingMixin.__get_event	0	code
unittest/mock.py	<module>._AnyComparer.__contains__	0	code
unittest/mock.py	<module>._AsyncIterator.__anext__	0	code
unittest/mock.py	<module>._get_signature_object	0	code
unittest/mock.py	<module>._patch.__enter__	0	code
unittest/mock.py	<module>._patch_dict.decorate_async_callable	0	code
unittest/mock.py	<module>._patch_dict.decorate_async_callable._inner	0	code
unittest/mock.py	<module>.create_autospec	0	code
unittest/mock.py	<module>.mock_open._iter_side_effect	0	code
unittest/mock.py	<module>.seal	0	code
unittest/runner.py	<module>.TextTestRunner.run	0	code
unittest/suite.py	<module>.TestSuite._handleClassSetUp	0	code
unittest/suite.py	<module>.TestSuite._handleModuleFixture	0	code
unittest/suite.py	<module>.TestSuite._handleModuleTearDown	0	code
unittest/suite.py	<module>.TestSuite._tearDownPreviousClass	0	code
unittest/suite.py	<module>.TestSuite.run	0	code
unittest/util.py	<module>.sorted_list_difference	0	code
unittest/util.py	<module>.unorderable_list_difference	0	code
urllib/parse.py	<module>._splitport	0	code
urllib/parse.py	<module>.urlencode	0	code
urllib/parse.py	<module>.urljoin	0	code
urllib/parse.py	<module>.urlunparse	0	code
urllib/parse.py	<module>.urlunsplit	0	code
urllib/request.py	<module>.FTPHandler.ftp_open	0	code
urllib/request.py	<module>.ftpwrapper.retrfile	0	code
urllib/request.py	<module>.urlretrieve	0	code
urllib/robotparser.py	<module>.Entry.allowance	0	code
urllib/robotparser.py	<module>.RobotFileParser.parse	0	code
urllib/robotparser.py	<module>.RuleLine.__str__	0	code
uuid.py	<module>.main	0	code
uuid.py	<module>.uuid1	0	code
venv/__init__.py	<module>.EnvBuilder.install_scripts	0	code
venv/__init__.py	<module>.EnvBuilder.setup_python	1	code
wave.py	<module>.Wave_read._read_fmt_chunk	0	code
wave.py	<module>.Wave_read.initfp	0	code
wave.py	<module>._Chunk.__init__	0	code
wave.py	<module>._Chunk.skip	0	code
weakref.py	<module>.finalize._exitfunc	0	code
webbrowser.py	<module>.register_standard_browsers	0	code
wsgiref/handlers.py	<module>.BaseHandler.run	0	code
wsgiref/handlers.py	<module>.BaseHandler.start_response	0	code
xml/dom/domreg.py	<module>.getDOMImplementation	0	code
xml/dom/expatbuilder.py	<module>.FragmentBuilder.external_entity_ref_handler	0	code
xml/dom/minidom.py	<module>.Document.getElementById	0	code
xml/etree/ElementPath.py	<module>._prepare_tag	0	code
xml/etree/ElementPath.py	<module>._prepare_tag.select	2	code
xml/etree/ElementPath.py	<module>.iterfind	0	code
xml/etree/ElementPath.py	<module>.prepare_predicate	0	code
xml/etree/ElementPath.py	<module>.xpath_tokenizer	0	code
xml/etree/ElementTree.py	<module>.C14NWriterTarget._flush	0	code
xml/etree/ElementTree.py	<module>.C14NWriterTarget._start	0	code
xml/etree/ElementTree.py	<module>.ElementTree.parse	0	code
xml/etree/ElementTree.py	<module>.XMLParser.close	0	code
xml/etree/ElementTree.py	<module>._get_writer	0	code
xml/etree/ElementTree.py	<module>._get_writer.<lambda>	0	MISSING
xml/etree/ElementTree.py	<module>.iterparse.iterator	0	code
xml/sax/expatreader.py	<module>.ExpatParser.external_entity_ref	0	code
xml/sax/saxutils.py	<module>._gettextwriter._wrapper	0	code
xmlrpc/client.py	<module>	0	code
xmlrpc/client.py	<module>.gzip_decode	0	code
xmlrpc/server.py	<module>	0	code
xmlrpc/server.py	<module>.CGIXMLRPCRequestHandler.handle_request	0	code
xmlrpc/server.py	<module>.SimpleXMLRPCDispatcher.system_methodHelp	0	code
xmlrpc/server.py	<module>.SimpleXMLRPCRequestHandler.decode_request_content	0	code
xmlrpc/server.py	<module>.SimpleXMLRPCRequestHandler.do_POST	0	code
xmlrpc/server.py	<module>.XMLRPCDocGenerator.generate_html_documentation	0	code
zipapp.py	<module>._copy_archive	0	code
zipapp.py	<module>.create_archive	0	code
zipapp.py	<module>.create_archive.<genexpr>	0	MISSING
zipapp.py	<module>.create_archive.<genexpr>	1	MISSING
zipapp.py	<module>.get_interpreter	0	code
zipfile/__init__.py	<module>.PyZipFile.writepy	0	code
zipfile/__init__.py	<module>.ZipExtFile.read1	0	code
zipfile/__init__.py	<module>.ZipFile.__init__	0	code
zipfile/__init__.py	<module>.ZipFile.close	0	code
zipfile/__init__.py	<module>._SharedFile.read	0	code
zipfile/__init__.py	<module>._SharedFile.seek	0	code
zipimport.py	<module>._get_data	0	code
zipimport.py	<module>._read_directory	0	code
zipimport.py	<module>.zipimporter.__init__	0	code
zipimport.py	<module>.zipimporter._get_files	0	code
zoneinfo/_tzpath.py	<module>.available_timezones	0	code
zoneinfo/_tzpath.py	<module>.available_timezones.valid_key	0	MISSING
zoneinfo/_zoneinfo.py	<module>.ZoneInfo._find_trans	0	code
zoneinfo/_zoneinfo.py	<module>.ZoneInfo._utcoff_to_dstoff	0	code
zoneinfo/_zoneinfo.py	<module>._parse_tz_str	0	code
